image_name,top_left_x,top_left_y,top_right_x,top_right_y,bottom_left_x,bottom_left_y,bottom_right_x,bottom_right_y
20260713_230915.jpg,0.2448888888888888,0.19275,0.8475555555555555,0.269,0.2026666666666666,0.49775,0.6986666666666667,0.55375
20260713_230931.jpg,0.1808888888888888,0.22875,0.6888888888888889,0.23775,0.1826666666666666,0.51575,0.6906666666666667,0.51575
20260713_230935.jpg,0.0902222222222222,0.249,0.6404444444444445,0.24675,0.1284444444444444,0.56275,0.6484444444444445,0.5425
20260713_230941.jpg,0.1928888888888889,0.1705,0.7751111111111111,0.14575,0.2688888888888889,0.491,0.7951111111111111,0.462
20260713_230946.jpg,0.1808888888888888,0.2085,0.7231111111111111,0.19725,0.2146666666666666,0.5045,0.7328888888888889,0.5
20260713_230950.jpg,0.2271111111111111,0.112,0.8191111111111111,0.13675,0.2248888888888889,0.45525,0.7951111111111111,0.45975
20260713_230953.jpg,0.1928888888888889,0.16375,0.7893333333333333,0.07175,0.3635555555555556,0.491,0.9315555555555556,0.4035
20260713_231007.jpg,0.1786666666666666,0.33625,0.6506666666666666,0.31625,0.2168888888888888,0.61425,0.7128888888888889,0.57175
20260713_231009.jpg,0.2328888888888889,0.296,0.7026666666666667,0.2735,0.2933333333333333,0.5695,0.7933333333333333,0.52475
20260713_231015.jpg,0.3133333333333333,0.1345,0.8693333333333333,0.21075,0.2208888888888888,0.453,0.7231111111111111,0.51575
20260713_231021.jpg,0.2231111111111111,0.092,0.98,0.18375,0.1204444444444444,0.51575,0.7951111111111111,0.5875
20260713_231028.jpg,0.2328888888888889,0.24675,0.7751111111111111,0.148,0.4137777777777778,0.5315,0.9195555555555556,0.4485
20260713_231034.jpg,0.2271111111111111,0.15475,0.8853333333333333,0.12775,0.2893333333333333,0.51575,0.9217777777777778,0.49325
20260713_231040.jpg,0.0964444444444444,0.23775,0.9075555555555556,0.22875,0.1102222222222222,0.67275,0.9097777777777778,0.67725
20260713_231123.jpg,0.3373333333333333,0.19725,0.7311111111111112,0.13,0.4377777777777777,0.426,0.8271111111111111,0.36325
20260713_231128.jpg,0.3533333333333333,0.148,0.7008888888888889,0.1165,0.4075555555555555,0.34975,0.7511111111111111,0.32275
20260713_231132.jpg,0.3355555555555555,0.27125,0.7431111111111111,0.1815,0.4777777777777778,0.4955,0.8675555555555555,0.417
20260713_231144.jpg,0.3151111111111111,0.17925,0.7711111111111111,0.19725,0.3191111111111111,0.44625,0.7488888888888889,0.4575
20260713_231154.jpg,0.3977777777777778,0.15475,0.8675555555555555,0.231,0.2791111111111111,0.417,0.7208888888888889,0.49325
20260713_231216.jpg,0.2853333333333333,0.14125,0.8813333333333333,0.23325,0.1644444444444444,0.47975,0.7208888888888889,0.556
20260713_231224.jpg,0.2728888888888889,0.24,0.8191111111111111,0.148,0.4257777777777777,0.53375,0.9617777777777776,0.45075
20260713_231230.jpg,0.3191111111111111,0.53575,0.6266666666666667,0.50675,0.3613333333333333,0.7175,0.6906666666666667,0.67725
20260713_231243.jpg,0.1888888888888888,0.17725,0.8133333333333334,0.2175,0.1848888888888888,0.52475,0.7231111111111111,0.5425
20260713_231251.jpg,0.3311111111111111,0.09425,0.956,0.23775,0.1404444444444444,0.453,0.7008888888888889,0.56725
20260713_231302.jpg,0.456,0.32725,0.7711111111111111,0.334,0.448,0.50675,0.7511111111111111,0.50675
20260713_231306.jpg,0.4577777777777778,0.25775,0.7631111111111111,0.37675,0.2608888888888889,0.43275,0.5622222222222222,0.547
20260713_231310.jpg,0.3675555555555556,0.222,0.7711111111111111,0.24675,0.3493333333333333,0.44175,0.7231111111111111,0.4685
20260713_231313.jpg,0.3031111111111111,0.21075,0.6866666666666666,0.18825,0.3533333333333333,0.435,0.7248888888888889,0.408
20260713_231315.jpg,0.512,0.28025,0.8853333333333333,0.334,0.4177777777777778,0.491,0.7711111111111111,0.54025
20260713_231320.jpg,0.3573333333333333,0.3655,0.6506666666666666,0.462,0.1848888888888888,0.53375,0.4857777777777777,0.62325
20260713_231325.jpg,0.3693333333333333,0.2355,0.8071111111111111,0.25325,0.3271111111111111,0.473,0.7591111111111111,0.49775
20260713_231329.jpg,0.2488888888888888,0.27575,0.7791111111111111,0.2915,0.2528888888888889,0.5695,0.7471111111111111,0.57625
20260713_231438.jpg,0.2853333333333333,0.39025,0.7168888888888889,0.37675,0.2831111111111111,0.63225,0.7351111111111112,0.621
20260713_231443.jpg,0.2168888888888888,0.361,0.7391111111111112,0.34975,0.2186666666666666,0.657,0.7671111111111111,0.64125
20260713_231446.jpg,0.1968888888888889,0.23775,0.8031111111111111,0.21975,0.1848888888888888,0.583,0.8413333333333334,0.5695
20260713_231452.jpg,0.1688888888888889,0.121,0.8111111111111111,0.112,0.2231111111111111,0.46425,0.7688888888888888,0.44625
20260713_231507.jpg,0.2248888888888889,0.166,0.9217777777777778,0.17275,0.2408888888888889,0.53575,0.8693333333333333,0.5425
20260713_231511.jpg,0.2168888888888888,0.14575,0.9035555555555556,0.1995,0.1506666666666666,0.53375,0.8071111111111111,0.56275
20260713_231515.jpg,0.3853333333333333,0.17725,0.964,0.2825,0.2351111111111111,0.49775,0.7631111111111111,0.59425
20260713_231522.jpg,0.2351111111111111,0.2915,0.7871111111111111,0.31625,0.2146666666666666,0.58975,0.7231111111111111,0.61875
20260713_231527.jpg,0.2448888888888888,0.13225,0.8271111111111111,0.24,0.0862222222222222,0.473,0.6706666666666666,0.56275
20260713_231533.jpg,0.2973333333333333,0.3185,0.6826666666666666,0.2825,0.3675555555555556,0.53375,0.7488888888888889,0.491
20260713_231539.jpg,0.3937777777777778,0.16375,0.8835555555555555,0.1165,0.4737777777777778,0.426,0.9155555555555556,0.3925
20260713_231548.jpg,0.1204444444444444,0.05375,0.532,0.065,0.1306666666666666,0.296,0.5262222222222223,0.305
20260713_231550.jpg,0.452,0.07625,0.8915555555555555,0.06725,0.4697777777777778,0.32725,0.8813333333333333,0.3185
20260713_231614.jpg,0.484,0.417,0.8573333333333333,0.4125,0.5022222222222222,0.6255,0.8595555555555555,0.61425
20260713_231617.jpg,0.1728888888888889,0.2825,0.5564444444444444,0.28025,0.1768888888888889,0.49775,0.552,0.4955
20260713_231622.jpg,0.4177777777777778,0.11425,0.7853333333333333,0.121,0.4097777777777778,0.34075,0.7608888888888888,0.3385
20260713_231626.jpg,0.4235555555555556,0.13,0.8333333333333334,0.121,0.4457777777777778,0.36325,0.8191111111111111,0.34975
20260713_231628.jpg,0.1164444444444444,0.48875,0.4977777777777777,0.47975,0.1346666666666666,0.69725,0.5102222222222222,0.6815
ns_20260713_230915.jpg,0.2448888888888888,0.19275,0.8475555555555555,0.269,0.2026666666666666,0.49775,0.6986666666666667,0.55375
hf_20260713_230915.jpg,0.2448888888888888,0.80725,0.8475555555555555,0.731,0.2026666666666666,0.50225,0.6986666666666667,0.44625000000000004
r180_20260713_230915.jpg,0.30133333333333334,0.44625000000000004,0.7973333333333334,0.50225,0.1524444444444445,0.731,0.7551111111111112,0.80725
r270_20260713_230915.jpg,0.50225,0.2026666666666666,0.80725,0.2448888888888888,0.44625000000000004,0.6986666666666667,0.731,0.8475555555555555
ns_20260713_230931.jpg,0.1808888888888888,0.22875,0.6888888888888889,0.23775,0.1826666666666666,0.51575,0.6906666666666667,0.51575
hf_20260713_230931.jpg,0.1808888888888888,0.77125,0.6888888888888889,0.76225,0.1826666666666666,0.48424999999999996,0.6906666666666667,0.48424999999999996
vf_20260713_230931.jpg,0.8191111111111112,0.22875,0.3111111111111111,0.23775,0.8173333333333335,0.51575,0.30933333333333335,0.51575
r90_20260713_230931.jpg,0.23775,0.3111111111111111,0.51575,0.30933333333333335,0.22875,0.8191111111111112,0.51575,0.8173333333333335
r180_20260713_230931.jpg,0.30933333333333335,0.48424999999999996,0.8173333333333335,0.48424999999999996,0.3111111111111111,0.76225,0.8191111111111112,0.77125
ns_20260713_230935.jpg,0.0902222222222222,0.249,0.6404444444444445,0.24675,0.1284444444444444,0.56275,0.6484444444444445,0.5425
hf_20260713_230935.jpg,0.0902222222222222,0.751,0.6404444444444445,0.75325,0.1284444444444444,0.43725,0.6484444444444445,0.4575
r180_20260713_230935.jpg,0.3515555555555555,0.4575,0.8715555555555556,0.43725,0.3595555555555555,0.75325,0.9097777777777778,0.751
r270_20260713_230935.jpg,0.43725,0.1284444444444444,0.751,0.0902222222222222,0.4575,0.6484444444444445,0.75325,0.6404444444444445
ns_20260713_230941.jpg,0.1928888888888889,0.1705,0.7751111111111111,0.14575,0.2688888888888889,0.491,0.7951111111111111,0.462
hf_20260713_230941.jpg,0.1928888888888889,0.8295,0.7751111111111111,0.85425,0.2688888888888889,0.509,0.7951111111111111,0.538
vf_20260713_230941.jpg,0.8071111111111111,0.1705,0.22488888888888892,0.14575,0.731111111111111,0.491,0.2048888888888889,0.462
r90_20260713_230941.jpg,0.14575,0.22488888888888892,0.462,0.2048888888888889,0.1705,0.8071111111111111,0.491,0.731111111111111
r270_20260713_230941.jpg,0.509,0.2688888888888889,0.8295,0.1928888888888889,0.538,0.7951111111111111,0.85425,0.7751111111111111
hf_20260713_230946.jpg,0.1808888888888888,0.7915,0.7231111111111111,0.80275,0.2146666666666666,0.49550000000000005,0.7328888888888889,0.5
vf_20260713_230946.jpg,0.8191111111111112,0.2085,0.27688888888888885,0.19725,0.7853333333333334,0.5045,0.2671111111111111,0.5
r90_20260713_230946.jpg,0.19725,0.27688888888888885,0.5,0.2671111111111111,0.2085,0.8191111111111112,0.5045,0.7853333333333334
r270_20260713_230946.jpg,0.49550000000000005,0.2146666666666666,0.7915,0.1808888888888888,0.5,0.7328888888888889,0.80275,0.7231111111111111
hf_20260713_230950.jpg,0.2271111111111111,0.888,0.8191111111111111,0.86325,0.2248888888888889,0.5447500000000001,0.7951111111111111,0.54025
vf_20260713_230950.jpg,0.772888888888889,0.112,0.18088888888888888,0.13675,0.7751111111111111,0.45525,0.2048888888888889,0.45975
r90_20260713_230950.jpg,0.13675,0.18088888888888888,0.45975,0.2048888888888889,0.112,0.772888888888889,0.45525,0.7751111111111111
r180_20260713_230950.jpg,0.2048888888888889,0.54025,0.7751111111111111,0.5447500000000001,0.18088888888888888,0.86325,0.772888888888889,0.888
r270_20260713_230950.jpg,0.5447500000000001,0.2248888888888889,0.888,0.2271111111111111,0.54025,0.7951111111111111,0.86325,0.8191111111111111
ns_20260713_230953.jpg,0.1928888888888889,0.16375,0.7893333333333333,0.07175,0.3635555555555556,0.491,0.9315555555555556,0.4035
hf_20260713_230953.jpg,0.1928888888888889,0.8362499999999999,0.7893333333333333,0.92825,0.3635555555555556,0.509,0.9315555555555556,0.5965
vf_20260713_230953.jpg,0.8071111111111111,0.16375,0.21066666666666667,0.07175,0.6364444444444444,0.491,0.06844444444444442,0.4035
r90_20260713_230953.jpg,0.07175,0.21066666666666667,0.4035,0.06844444444444442,0.16375,0.8071111111111111,0.491,0.6364444444444444
r180_20260713_230953.jpg,0.06844444444444442,0.5965,0.6364444444444444,0.509,0.21066666666666667,0.92825,0.8071111111111111,0.8362499999999999
r270_20260713_230953.jpg,0.509,0.3635555555555556,0.8362499999999999,0.1928888888888889,0.5965,0.9315555555555556,0.92825,0.7893333333333333
ns_20260713_231007.jpg,0.1786666666666666,0.33625,0.6506666666666666,0.31625,0.2168888888888888,0.61425,0.7128888888888889,0.57175
hf_20260713_231007.jpg,0.1786666666666666,0.6637500000000001,0.6506666666666666,0.6837500000000001,0.2168888888888888,0.38575000000000004,0.7128888888888889,0.42825
vf_20260713_231007.jpg,0.8213333333333334,0.33625,0.3493333333333334,0.31625,0.7831111111111112,0.61425,0.2871111111111111,0.57175
r180_20260713_231007.jpg,0.2871111111111111,0.42825,0.7831111111111112,0.38575000000000004,0.3493333333333334,0.6837500000000001,0.8213333333333334,0.6637500000000001
r270_20260713_231007.jpg,0.38575000000000004,0.2168888888888888,0.6637500000000001,0.1786666666666666,0.42825,0.7128888888888889,0.6837500000000001,0.6506666666666666
hf_20260713_231009.jpg,0.2328888888888889,0.704,0.7026666666666667,0.7264999999999999,0.2933333333333333,0.4305,0.7933333333333333,0.47524999999999995
vf_20260713_231009.jpg,0.7671111111111111,0.296,0.29733333333333334,0.2735,0.7066666666666668,0.5695,0.20666666666666667,0.52475
r90_20260713_231009.jpg,0.2735,0.29733333333333334,0.52475,0.20666666666666667,0.296,0.7671111111111111,0.5695,0.7066666666666668
r180_20260713_231009.jpg,0.20666666666666667,0.47524999999999995,0.7066666666666668,0.4305,0.29733333333333334,0.7264999999999999,0.7671111111111111,0.704
r270_20260713_231009.jpg,0.4305,0.2933333333333333,0.704,0.2328888888888889,0.47524999999999995,0.7933333333333333,0.7264999999999999,0.7026666666666667
ns_20260713_231015.jpg,0.3133333333333333,0.1345,0.8693333333333333,0.21075,0.2208888888888888,0.453,0.7231111111111111,0.51575
hf_20260713_231015.jpg,0.3133333333333333,0.8654999999999999,0.8693333333333333,0.78925,0.2208888888888888,0.5469999999999999,0.7231111111111111,0.48424999999999996
vf_20260713_231015.jpg,0.6866666666666668,0.1345,0.1306666666666667,0.21075,0.7791111111111112,0.453,0.27688888888888885,0.51575
r90_20260713_231015.jpg,0.21075,0.1306666666666667,0.51575,0.27688888888888885,0.1345,0.6866666666666668,0.453,0.7791111111111112
r180_20260713_231015.jpg,0.27688888888888885,0.48424999999999996,0.7791111111111112,0.5469999999999999,0.1306666666666667,0.78925,0.6866666666666668,0.8654999999999999
r270_20260713_231015.jpg,0.5469999999999999,0.2208888888888888,0.8654999999999999,0.3133333333333333,0.48424999999999996,0.7231111111111111,0.78925,0.8693333333333333
ns_20260713_231021.jpg,0.2231111111111111,0.092,0.98,0.18375,0.1204444444444444,0.51575,0.7951111111111111,0.5875
hf_20260713_231021.jpg,0.2231111111111111,0.908,0.98,0.81625,0.1204444444444444,0.48424999999999996,0.7951111111111111,0.4125
vf_20260713_231021.jpg,0.776888888888889,0.092,0.020000000000000018,0.18375,0.8795555555555556,0.51575,0.2048888888888889,0.5875
r180_20260713_231021.jpg,0.2048888888888889,0.4125,0.8795555555555556,0.48424999999999996,0.020000000000000018,0.81625,0.776888888888889,0.908
r270_20260713_231021.jpg,0.48424999999999996,0.1204444444444444,0.908,0.2231111111111111,0.4125,0.7951111111111111,0.81625,0.98
ns_20260713_231028.jpg,0.2328888888888889,0.24675,0.7751111111111111,0.148,0.4137777777777778,0.5315,0.9195555555555556,0.4485
hf_20260713_231028.jpg,0.2328888888888889,0.75325,0.7751111111111111,0.852,0.4137777777777778,0.4685,0.9195555555555556,0.5515
vf_20260713_231028.jpg,0.7671111111111111,0.24675,0.22488888888888892,0.148,0.5862222222222222,0.5315,0.08044444444444443,0.4485
r180_20260713_231028.jpg,0.08044444444444443,0.5515,0.5862222222222222,0.4685,0.22488888888888892,0.852,0.7671111111111111,0.75325
r270_20260713_231028.jpg,0.4685,0.4137777777777778,0.75325,0.2328888888888889,0.5515,0.9195555555555556,0.852,0.7751111111111111
ns_20260713_231034.jpg,0.2271111111111111,0.15475,0.8853333333333333,0.12775,0.2893333333333333,0.51575,0.9217777777777778,0.49325
hf_20260713_231034.jpg,0.2271111111111111,0.8452500000000001,0.8853333333333333,0.87225,0.2893333333333333,0.48424999999999996,0.9217777777777778,0.50675
vf_20260713_231034.jpg,0.772888888888889,0.15475,0.1146666666666667,0.12775,0.7106666666666668,0.51575,0.07822222222222219,0.49325
r90_20260713_231034.jpg,0.12775,0.1146666666666667,0.49325,0.07822222222222219,0.15475,0.772888888888889,0.51575,0.7106666666666668
r180_20260713_231034.jpg,0.07822222222222219,0.50675,0.7106666666666668,0.48424999999999996,0.1146666666666667,0.87225,0.772888888888889,0.8452500000000001
r270_20260713_231034.jpg,0.48424999999999996,0.2893333333333333,0.8452500000000001,0.2271111111111111,0.50675,0.9217777777777778,0.87225,0.8853333333333333
ns_20260713_231040.jpg,0.0964444444444444,0.23775,0.9075555555555556,0.22875,0.1102222222222222,0.67275,0.9097777777777778,0.67725
hf_20260713_231040.jpg,0.0964444444444444,0.76225,0.9075555555555556,0.77125,0.1102222222222222,0.32725000000000004,0.9097777777777778,0.32275
vf_20260713_231040.jpg,0.9035555555555556,0.23775,0.09244444444444444,0.22875,0.8897777777777778,0.67275,0.0902222222222222,0.67725
r90_20260713_231040.jpg,0.22875,0.09244444444444444,0.67725,0.0902222222222222,0.23775,0.9035555555555556,0.67275,0.8897777777777778
r180_20260713_231040.jpg,0.0902222222222222,0.32275,0.8897777777777778,0.32725000000000004,0.09244444444444444,0.77125,0.9035555555555556,0.76225
r270_20260713_231040.jpg,0.32725000000000004,0.1102222222222222,0.76225,0.0964444444444444,0.32275,0.9097777777777778,0.77125,0.9075555555555556
hf_20260713_231123.jpg,0.3373333333333333,0.80275,0.7311111111111112,0.87,0.4377777777777777,0.5740000000000001,0.8271111111111111,0.6367499999999999
r90_20260713_231123.jpg,0.13,0.26888888888888884,0.36325,0.17288888888888887,0.19725,0.6626666666666667,0.426,0.5622222222222223
r180_20260713_231123.jpg,0.17288888888888887,0.6367499999999999,0.5622222222222223,0.5740000000000001,0.26888888888888884,0.87,0.6626666666666667,0.80275
r270_20260713_231123.jpg,0.5740000000000001,0.4377777777777777,0.80275,0.3373333333333333,0.6367499999999999,0.8271111111111111,0.87,0.7311111111111112
ns_20260713_231128.jpg,0.3533333333333333,0.148,0.7008888888888889,0.1165,0.4075555555555555,0.34975,0.7511111111111111,0.32275
hf_20260713_231128.jpg,0.3533333333333333,0.852,0.7008888888888889,0.8835,0.4075555555555555,0.65025,0.7511111111111111,0.67725
vf_20260713_231128.jpg,0.6466666666666667,0.148,0.2991111111111111,0.1165,0.5924444444444446,0.34975,0.24888888888888894,0.32275
r90_20260713_231128.jpg,0.1165,0.2991111111111111,0.32275,0.24888888888888894,0.148,0.6466666666666667,0.34975,0.5924444444444446
r180_20260713_231128.jpg,0.24888888888888894,0.67725,0.5924444444444446,0.65025,0.2991111111111111,0.8835,0.6466666666666667,0.852
r270_20260713_231128.jpg,0.65025,0.4075555555555555,0.852,0.3533333333333333,0.67725,0.7511111111111111,0.8835,0.7008888888888889
ns_20260713_231132.jpg,0.3355555555555555,0.27125,0.7431111111111111,0.1815,0.4777777777777778,0.4955,0.8675555555555555,0.417
hf_20260713_231132.jpg,0.3355555555555555,0.72875,0.7431111111111111,0.8185,0.4777777777777778,0.5045,0.8675555555555555,0.583
vf_20260713_231132.jpg,0.6644444444444445,0.27125,0.25688888888888894,0.1815,0.5222222222222221,0.4955,0.13244444444444448,0.417
r90_20260713_231132.jpg,0.1815,0.25688888888888894,0.417,0.13244444444444448,0.27125,0.6644444444444445,0.4955,0.5222222222222221
r180_20260713_231132.jpg,0.13244444444444448,0.583,0.5222222222222221,0.5045,0.25688888888888894,0.8185,0.6644444444444445,0.72875
r270_20260713_231132.jpg,0.5045,0.4777777777777778,0.72875,0.3355555555555555,0.583,0.8675555555555555,0.8185,0.7431111111111111
hf_20260713_231144.jpg,0.3151111111111111,0.82075,0.7711111111111111,0.80275,0.3191111111111111,0.55375,0.7488888888888889,0.5425
vf_20260713_231144.jpg,0.6848888888888889,0.17925,0.22888888888888892,0.19725,0.6808888888888889,0.44625,0.25111111111111106,0.4575
r90_20260713_231144.jpg,0.19725,0.22888888888888892,0.4575,0.25111111111111106,0.17925,0.6848888888888889,0.44625,0.6808888888888889
r180_20260713_231144.jpg,0.25111111111111106,0.5425,0.6808888888888889,0.55375,0.22888888888888892,0.80275,0.6848888888888889,0.82075
r270_20260713_231144.jpg,0.55375,0.3191111111111111,0.82075,0.3151111111111111,0.5425,0.7488888888888889,0.80275,0.7711111111111111
hf_20260713_231154.jpg,0.3977777777777778,0.8452500000000001,0.8675555555555555,0.769,0.2791111111111111,0.583,0.7208888888888889,0.50675
vf_20260713_231154.jpg,0.6022222222222222,0.15475,0.13244444444444448,0.231,0.7208888888888889,0.417,0.2791111111111111,0.49325
r90_20260713_231154.jpg,0.231,0.13244444444444448,0.49325,0.2791111111111111,0.15475,0.6022222222222222,0.417,0.7208888888888889
r180_20260713_231154.jpg,0.2791111111111111,0.50675,0.7208888888888889,0.583,0.13244444444444448,0.769,0.6022222222222222,0.8452500000000001
ns_20260713_231216.jpg,0.2853333333333333,0.14125,0.8813333333333333,0.23325,0.1644444444444444,0.47975,0.7208888888888889,0.556
hf_20260713_231216.jpg,0.2853333333333333,0.85875,0.8813333333333333,0.76675,0.1644444444444444,0.52025,0.7208888888888889,0.44399999999999995
vf_20260713_231216.jpg,0.7146666666666667,0.14125,0.1186666666666667,0.23325,0.8355555555555556,0.47975,0.2791111111111111,0.556
r180_20260713_231216.jpg,0.2791111111111111,0.44399999999999995,0.8355555555555556,0.52025,0.1186666666666667,0.76675,0.7146666666666667,0.85875
r270_20260713_231216.jpg,0.52025,0.1644444444444444,0.85875,0.2853333333333333,0.44399999999999995,0.7208888888888889,0.76675,0.8813333333333333
ns_20260713_231224.jpg,0.2728888888888889,0.24,0.8191111111111111,0.148,0.4257777777777777,0.53375,0.9617777777777776,0.45075
hf_20260713_231224.jpg,0.2728888888888889,0.76,0.8191111111111111,0.852,0.4257777777777777,0.46625000000000005,0.9617777777777776,0.54925
vf_20260713_231224.jpg,0.727111111111111,0.24,0.18088888888888888,0.148,0.5742222222222223,0.53375,0.03822222222222238,0.45075
r90_20260713_231224.jpg,0.148,0.18088888888888888,0.45075,0.03822222222222238,0.24,0.727111111111111,0.53375,0.5742222222222223
r180_20260713_231224.jpg,0.03822222222222238,0.54925,0.5742222222222223,0.46625000000000005,0.18088888888888888,0.852,0.727111111111111,0.76
r270_20260713_231224.jpg,0.46625000000000005,0.4257777777777777,0.76,0.2728888888888889,0.54925,0.9617777777777776,0.852,0.8191111111111111
ns_20260713_231230.jpg,0.3191111111111111,0.53575,0.6266666666666667,0.50675,0.3613333333333333,0.7175,0.6906666666666667,0.67725
hf_20260713_231230.jpg,0.3191111111111111,0.46425000000000005,0.6266666666666667,0.49324999999999997,0.3613333333333333,0.2825,0.6906666666666667,0.32275
vf_20260713_231230.jpg,0.6808888888888889,0.53575,0.3733333333333333,0.50675,0.6386666666666667,0.7175,0.30933333333333335,0.67725
r90_20260713_231230.jpg,0.50675,0.3733333333333333,0.67725,0.30933333333333335,0.53575,0.6808888888888889,0.7175,0.6386666666666667
r180_20260713_231230.jpg,0.30933333333333335,0.32275,0.6386666666666667,0.2825,0.3733333333333333,0.49324999999999997,0.6808888888888889,0.46425000000000005
r270_20260713_231230.jpg,0.2825,0.3613333333333333,0.46425000000000005,0.3191111111111111,0.32275,0.6906666666666667,0.49324999999999997,0.6266666666666667
ns_20260713_231243.jpg,0.1888888888888888,0.17725,0.8133333333333334,0.2175,0.1848888888888888,0.52475,0.7231111111111111,0.5425
hf_20260713_231243.jpg,0.1888888888888888,0.82275,0.8133333333333334,0.7825,0.1848888888888888,0.47524999999999995,0.7231111111111111,0.4575
vf_20260713_231243.jpg,0.8111111111111112,0.17725,0.18666666666666665,0.2175,0.8151111111111112,0.52475,0.27688888888888885,0.5425
r180_20260713_231243.jpg,0.27688888888888885,0.4575,0.8151111111111112,0.47524999999999995,0.18666666666666665,0.7825,0.8111111111111112,0.82275
r270_20260713_231243.jpg,0.47524999999999995,0.1848888888888888,0.82275,0.1888888888888888,0.4575,0.7231111111111111,0.7825,0.8133333333333334
ns_20260713_231251.jpg,0.3311111111111111,0.09425,0.956,0.23775,0.1404444444444444,0.453,0.7008888888888889,0.56725
hf_20260713_231251.jpg,0.3311111111111111,0.90575,0.956,0.76225,0.1404444444444444,0.5469999999999999,0.7008888888888889,0.43274999999999997
vf_20260713_231251.jpg,0.6688888888888889,0.09425,0.04400000000000004,0.23775,0.8595555555555556,0.453,0.2991111111111111,0.56725
r90_20260713_231251.jpg,0.23775,0.04400000000000004,0.56725,0.2991111111111111,0.09425,0.6688888888888889,0.453,0.8595555555555556
r270_20260713_231251.jpg,0.5469999999999999,0.1404444444444444,0.90575,0.3311111111111111,0.43274999999999997,0.7008888888888889,0.76225,0.956
hf_20260713_231302.jpg,0.456,0.67275,0.7711111111111111,0.6659999999999999,0.448,0.49324999999999997,0.7511111111111111,0.49324999999999997
r90_20260713_231302.jpg,0.334,0.22888888888888892,0.50675,0.24888888888888894,0.32725,0.544,0.50675,0.552
r270_20260713_231302.jpg,0.49324999999999997,0.448,0.67275,0.456,0.49324999999999997,0.7511111111111111,0.6659999999999999,0.7711111111111111
ns_20260713_231306.jpg,0.4577777777777778,0.25775,0.7631111111111111,0.37675,0.2608888888888889,0.43275,0.5622222222222222,0.547
r90_20260713_231306.jpg,0.37675,0.23688888888888893,0.547,0.4377777777777778,0.25775,0.5422222222222222,0.43275,0.739111111111111
r180_20260713_231306.jpg,0.4377777777777778,0.45299999999999996,0.739111111111111,0.56725,0.23688888888888893,0.6232500000000001,0.5422222222222222,0.7422500000000001
r270_20260713_231306.jpg,0.56725,0.2608888888888889,0.7422500000000001,0.4577777777777778,0.45299999999999996,0.5622222222222222,0.6232500000000001,0.7631111111111111
hf_20260713_231310.jpg,0.3675555555555556,0.778,0.7711111111111111,0.75325,0.3493333333333333,0.55825,0.7231111111111111,0.5315
vf_20260713_231310.jpg,0.6324444444444444,0.222,0.22888888888888892,0.24675,0.6506666666666667,0.44175,0.27688888888888885,0.4685
r90_20260713_231310.jpg,0.24675,0.22888888888888892,0.4685,0.27688888888888885,0.222,0.6324444444444444,0.44175,0.6506666666666667
r180_20260713_231310.jpg,0.27688888888888885,0.5315,0.6506666666666667,0.55825,0.22888888888888892,0.75325,0.6324444444444444,0.778
r270_20260713_231310.jpg,0.55825,0.3493333333333333,0.778,0.3675555555555556,0.5315,0.7231111111111111,0.75325,0.7711111111111111
ns_20260713_231313.jpg,0.3031111111111111,0.21075,0.6866666666666666,0.18825,0.3533333333333333,0.435,0.7248888888888889,0.408
hf_20260713_231313.jpg,0.3031111111111111,0.78925,0.6866666666666666,0.81175,0.3533333333333333,0.565,0.7248888888888889,0.5920000000000001
vf_20260713_231313.jpg,0.6968888888888889,0.21075,0.31333333333333335,0.18825,0.6466666666666667,0.435,0.2751111111111111,0.408
r90_20260713_231313.jpg,0.18825,0.31333333333333335,0.408,0.2751111111111111,0.21075,0.6968888888888889,0.435,0.6466666666666667
r180_20260713_231313.jpg,0.2751111111111111,0.5920000000000001,0.6466666666666667,0.565,0.31333333333333335,0.81175,0.6968888888888889,0.78925
r270_20260713_231313.jpg,0.565,0.3533333333333333,0.78925,0.3031111111111111,0.5920000000000001,0.7248888888888889,0.81175,0.6866666666666666
ns_20260713_231315.jpg,0.512,0.28025,0.8853333333333333,0.334,0.4177777777777778,0.491,0.7711111111111111,0.54025
hf_20260713_231315.jpg,0.512,0.71975,0.8853333333333333,0.6659999999999999,0.4177777777777778,0.509,0.7711111111111111,0.45975
vf_20260713_231315.jpg,0.488,0.28025,0.1146666666666667,0.334,0.5822222222222222,0.491,0.22888888888888892,0.54025
r90_20260713_231315.jpg,0.334,0.1146666666666667,0.54025,0.22888888888888892,0.28025,0.488,0.491,0.5822222222222222
r180_20260713_231315.jpg,0.22888888888888892,0.45975,0.5822222222222222,0.509,0.1146666666666667,0.6659999999999999,0.488,0.71975
r270_20260713_231315.jpg,0.509,0.4177777777777778,0.71975,0.512,0.45975,0.7711111111111111,0.6659999999999999,0.8853333333333333
hf_20260713_231320.jpg,0.3573333333333333,0.6345000000000001,0.6506666666666666,0.538,0.1848888888888888,0.46625000000000005,0.4857777777777777,0.37675000000000003
vf_20260713_231320.jpg,0.6426666666666667,0.3655,0.3493333333333334,0.462,0.8151111111111112,0.53375,0.5142222222222224,0.62325
r90_20260713_231320.jpg,0.462,0.3493333333333334,0.62325,0.5142222222222224,0.3655,0.6426666666666667,0.53375,0.8151111111111112
r270_20260713_231320.jpg,0.46625000000000005,0.1848888888888888,0.6345000000000001,0.3573333333333333,0.37675000000000003,0.4857777777777777,0.538,0.6506666666666666
ns_20260713_231325.jpg,0.3693333333333333,0.2355,0.8071111111111111,0.25325,0.3271111111111111,0.473,0.7591111111111111,0.49775
hf_20260713_231325.jpg,0.3693333333333333,0.7645,0.8071111111111111,0.74675,0.3271111111111111,0.527,0.7591111111111111,0.50225
vf_20260713_231325.jpg,0.6306666666666667,0.2355,0.1928888888888889,0.25325,0.6728888888888889,0.473,0.24088888888888893,0.49775
r90_20260713_231325.jpg,0.25325,0.1928888888888889,0.49775,0.24088888888888893,0.2355,0.6306666666666667,0.473,0.6728888888888889
r180_20260713_231325.jpg,0.24088888888888893,0.50225,0.6728888888888889,0.527,0.1928888888888889,0.74675,0.6306666666666667,0.7645
r270_20260713_231325.jpg,0.527,0.3271111111111111,0.7645,0.3693333333333333,0.50225,0.7591111111111111,0.74675,0.8071111111111111
ns_20260713_231329.jpg,0.2488888888888888,0.27575,0.7791111111111111,0.2915,0.2528888888888889,0.5695,0.7471111111111111,0.57625
hf_20260713_231329.jpg,0.2488888888888888,0.7242500000000001,0.7791111111111111,0.7085,0.2528888888888889,0.4305,0.7471111111111111,0.42374999999999996
vf_20260713_231329.jpg,0.7511111111111112,0.27575,0.2208888888888889,0.2915,0.7471111111111111,0.5695,0.25288888888888894,0.57625
r90_20260713_231329.jpg,0.2915,0.2208888888888889,0.57625,0.25288888888888894,0.27575,0.7511111111111112,0.5695,0.7471111111111111
r180_20260713_231329.jpg,0.25288888888888894,0.42374999999999996,0.7471111111111111,0.4305,0.2208888888888889,0.7085,0.7511111111111112,0.7242500000000001
r270_20260713_231329.jpg,0.4305,0.2528888888888889,0.7242500000000001,0.2488888888888888,0.42374999999999996,0.7471111111111111,0.7085,0.7791111111111111
ns_20260713_231438.jpg,0.2853333333333333,0.39025,0.7168888888888889,0.37675,0.2831111111111111,0.63225,0.7351111111111112,0.621
hf_20260713_231438.jpg,0.2853333333333333,0.60975,0.7168888888888889,0.6232500000000001,0.2831111111111111,0.36775,0.7351111111111112,0.379
vf_20260713_231438.jpg,0.7146666666666667,0.39025,0.2831111111111111,0.37675,0.7168888888888889,0.63225,0.26488888888888884,0.621
r90_20260713_231438.jpg,0.37675,0.2831111111111111,0.621,0.26488888888888884,0.39025,0.7146666666666667,0.63225,0.7168888888888889
r180_20260713_231438.jpg,0.26488888888888884,0.379,0.7168888888888889,0.36775,0.2831111111111111,0.6232500000000001,0.7146666666666667,0.60975
r270_20260713_231438.jpg,0.36775,0.2831111111111111,0.60975,0.2853333333333333,0.379,0.7351111111111112,0.6232500000000001,0.7168888888888889
hf_20260713_231443.jpg,0.2168888888888888,0.639,0.7391111111111112,0.65025,0.2186666666666666,0.34299999999999997,0.7671111111111111,0.35875
vf_20260713_231443.jpg,0.7831111111111112,0.361,0.26088888888888884,0.34975,0.7813333333333334,0.657,0.23288888888888892,0.64125
r90_20260713_231443.jpg,0.34975,0.26088888888888884,0.64125,0.23288888888888892,0.361,0.7831111111111112,0.657,0.7813333333333334
r180_20260713_231443.jpg,0.23288888888888892,0.35875,0.7813333333333334,0.34299999999999997,0.26088888888888884,0.65025,0.7831111111111112,0.639
hf_20260713_231446.jpg,0.1968888888888889,0.76225,0.8031111111111111,0.78025,0.1848888888888888,0.41700000000000004,0.8413333333333334,0.4305
vf_20260713_231446.jpg,0.8031111111111111,0.23775,0.1968888888888889,0.21975,0.8151111111111112,0.583,0.15866666666666662,0.5695
r90_20260713_231446.jpg,0.21975,0.1968888888888889,0.5695,0.15866666666666662,0.23775,0.8031111111111111,0.583,0.8151111111111112
r270_20260713_231446.jpg,0.41700000000000004,0.1848888888888888,0.76225,0.1968888888888889,0.4305,0.8413333333333334,0.78025,0.8031111111111111
hf_20260713_231452.jpg,0.1688888888888889,0.879,0.8111111111111111,0.888,0.2231111111111111,0.53575,0.7688888888888888,0.55375
vf_20260713_231452.jpg,0.8311111111111111,0.121,0.18888888888888888,0.112,0.776888888888889,0.46425,0.23111111111111116,0.44625
r90_20260713_231452.jpg,0.112,0.18888888888888888,0.44625,0.23111111111111116,0.121,0.8311111111111111,0.46425,0.776888888888889
r180_20260713_231452.jpg,0.23111111111111116,0.55375,0.776888888888889,0.53575,0.18888888888888888,0.888,0.8311111111111111,0.879
hf_20260713_231507.jpg,0.2248888888888889,0.834,0.9217777777777778,0.82725,0.2408888888888889,0.46425000000000005,0.8693333333333333,0.4575
vf_20260713_231507.jpg,0.7751111111111111,0.166,0.07822222222222219,0.17275,0.7591111111111111,0.53575,0.1306666666666667,0.5425
r90_20260713_231507.jpg,0.17275,0.07822222222222219,0.5425,0.1306666666666667,0.166,0.7751111111111111,0.53575,0.7591111111111111
r180_20260713_231507.jpg,0.1306666666666667,0.4575,0.7591111111111111,0.46425000000000005,0.07822222222222219,0.82725,0.7751111111111111,0.834
r270_20260713_231507.jpg,0.46425000000000005,0.2408888888888889,0.834,0.2248888888888889,0.4575,0.8693333333333333,0.82725,0.9217777777777778
hf_20260713_231511.jpg,0.2168888888888888,0.85425,0.9035555555555556,0.8005,0.1506666666666666,0.46625000000000005,0.8071111111111111,0.43725
vf_20260713_231511.jpg,0.7831111111111112,0.14575,0.09644444444444444,0.1995,0.8493333333333334,0.53375,0.1928888888888889,0.56275
r90_20260713_231511.jpg,0.1995,0.09644444444444444,0.56275,0.1928888888888889,0.14575,0.7831111111111112,0.53375,0.8493333333333334
r180_20260713_231511.jpg,0.1928888888888889,0.43725,0.8493333333333334,0.46625000000000005,0.09644444444444444,0.8005,0.7831111111111112,0.85425
ns_20260713_231515.jpg,0.3853333333333333,0.17725,0.964,0.2825,0.2351111111111111,0.49775,0.7631111111111111,0.59425
hf_20260713_231515.jpg,0.3853333333333333,0.82275,0.964,0.7175,0.2351111111111111,0.50225,0.7631111111111111,0.40575000000000006
r90_20260713_231515.jpg,0.2825,0.03600000000000003,0.59425,0.23688888888888893,0.17725,0.6146666666666667,0.49775,0.764888888888889
r180_20260713_231515.jpg,0.23688888888888893,0.40575000000000006,0.764888888888889,0.50225,0.03600000000000003,0.7175,0.6146666666666667,0.82275
r270_20260713_231515.jpg,0.50225,0.2351111111111111,0.82275,0.3853333333333333,0.40575000000000006,0.7631111111111111,0.7175,0.964
ns_20260713_231522.jpg,0.2351111111111111,0.2915,0.7871111111111111,0.31625,0.2146666666666666,0.58975,0.7231111111111111,0.61875
hf_20260713_231522.jpg,0.2351111111111111,0.7085,0.7871111111111111,0.6837500000000001,0.2146666666666666,0.41025,0.7231111111111111,0.38125
vf_20260713_231522.jpg,0.764888888888889,0.2915,0.2128888888888889,0.31625,0.7853333333333334,0.58975,0.27688888888888885,0.61875
r90_20260713_231522.jpg,0.31625,0.2128888888888889,0.61875,0.27688888888888885,0.2915,0.764888888888889,0.58975,0.7853333333333334
r180_20260713_231522.jpg,0.27688888888888885,0.38125,0.7853333333333334,0.41025,0.2128888888888889,0.6837500000000001,0.764888888888889,0.7085
r270_20260713_231522.jpg,0.41025,0.2146666666666666,0.7085,0.2351111111111111,0.38125,0.7231111111111111,0.6837500000000001,0.7871111111111111
ns_20260713_231527.jpg,0.2448888888888888,0.13225,0.8271111111111111,0.24,0.0862222222222222,0.473,0.6706666666666666,0.56275
hf_20260713_231527.jpg,0.2448888888888888,0.86775,0.8271111111111111,0.76,0.0862222222222222,0.527,0.6706666666666666,0.43725
vf_20260713_231527.jpg,0.7551111111111112,0.13225,0.17288888888888887,0.24,0.9137777777777778,0.473,0.32933333333333337,0.56275
r90_20260713_231527.jpg,0.24,0.17288888888888887,0.56275,0.32933333333333337,0.13225,0.7551111111111112,0.473,0.9137777777777778
r180_20260713_231527.jpg,0.32933333333333337,0.43725,0.9137777777777778,0.527,0.17288888888888887,0.76,0.7551111111111112,0.86775
r270_20260713_231527.jpg,0.527,0.0862222222222222,0.86775,0.2448888888888888,0.43725,0.6706666666666666,0.76,0.8271111111111111
hf_20260713_231533.jpg,0.2973333333333333,0.6815,0.6826666666666666,0.7175,0.3675555555555556,0.46625000000000005,0.7488888888888889,0.509
vf_20260713_231533.jpg,0.7026666666666668,0.3185,0.31733333333333336,0.2825,0.6324444444444444,0.53375,0.25111111111111106,0.491
r90_20260713_231533.jpg,0.2825,0.31733333333333336,0.491,0.25111111111111106,0.3185,0.7026666666666668,0.53375,0.6324444444444444
r180_20260713_231533.jpg,0.25111111111111106,0.509,0.6324444444444444,0.46625000000000005,0.31733333333333336,0.7175,0.7026666666666668,0.6815
r270_20260713_231533.jpg,0.46625000000000005,0.3675555555555556,0.6815,0.2973333333333333,0.509,0.7488888888888889,0.7175,0.6826666666666666
hf_20260713_231539.jpg,0.3937777777777778,0.8362499999999999,0.8835555555555555,0.8835,0.4737777777777778,0.5740000000000001,0.9155555555555556,0.6074999999999999
vf_20260713_231539.jpg,0.6062222222222222,0.16375,0.11644444444444446,0.1165,0.5262222222222221,0.426,0.08444444444444443,0.3925
r180_20260713_231539.jpg,0.08444444444444443,0.6074999999999999,0.5262222222222221,0.5740000000000001,0.11644444444444446,0.8835,0.6062222222222222,0.8362499999999999
r270_20260713_231539.jpg,0.5740000000000001,0.4737777777777778,0.8362499999999999,0.3937777777777778,0.6074999999999999,0.9155555555555556,0.8835,0.8835555555555555
ns_20260713_231548.jpg,0.1204444444444444,0.05375,0.532,0.065,0.1306666666666666,0.296,0.5262222222222223,0.305
hf_20260713_231548.jpg,0.1204444444444444,0.94625,0.532,0.935,0.1306666666666666,0.704,0.5262222222222223,0.6950000000000001
vf_20260713_231548.jpg,0.8795555555555556,0.05375,0.46799999999999997,0.065,0.8693333333333334,0.296,0.47377777777777774,0.305
r90_20260713_231548.jpg,0.065,0.46799999999999997,0.305,0.47377777777777774,0.05375,0.8795555555555556,0.296,0.8693333333333334
r180_20260713_231548.jpg,0.47377777777777774,0.6950000000000001,0.8693333333333334,0.704,0.46799999999999997,0.935,0.8795555555555556,0.94625
r270_20260713_231548.jpg,0.704,0.1306666666666666,0.94625,0.1204444444444444,0.6950000000000001,0.5262222222222223,0.935,0.532
hf_20260713_231550.jpg,0.452,0.92375,0.8915555555555555,0.93275,0.4697777777777778,0.67275,0.8813333333333333,0.6815
vf_20260713_231550.jpg,0.548,0.07625,0.10844444444444445,0.06725,0.5302222222222222,0.32725,0.1186666666666667,0.3185
r90_20260713_231550.jpg,0.06725,0.10844444444444445,0.3185,0.1186666666666667,0.07625,0.548,0.32725,0.5302222222222222
r180_20260713_231550.jpg,0.1186666666666667,0.6815,0.5302222222222222,0.67275,0.10844444444444445,0.93275,0.548,0.92375
r270_20260713_231550.jpg,0.67275,0.4697777777777778,0.92375,0.452,0.6815,0.8813333333333333,0.93275,0.8915555555555555
ns_20260713_231614.jpg,0.484,0.417,0.8573333333333333,0.4125,0.5022222222222222,0.6255,0.8595555555555555,0.61425
hf_20260713_231614.jpg,0.484,0.583,0.8573333333333333,0.5875,0.5022222222222222,0.37450000000000006,0.8595555555555555,0.38575000000000004
vf_20260713_231614.jpg,0.516,0.417,0.14266666666666672,0.4125,0.49777777777777776,0.6255,0.14044444444444448,0.61425
r90_20260713_231614.jpg,0.4125,0.14266666666666672,0.61425,0.14044444444444448,0.417,0.516,0.6255,0.49777777777777776
r180_20260713_231614.jpg,0.14044444444444448,0.38575000000000004,0.49777777777777776,0.37450000000000006,0.14266666666666672,0.5875,0.516,0.583
r270_20260713_231614.jpg,0.37450000000000006,0.5022222222222222,0.583,0.484,0.38575000000000004,0.8595555555555555,0.5875,0.8573333333333333
hf_20260713_231617.jpg,0.1728888888888889,0.7175,0.5564444444444444,0.71975,0.1768888888888889,0.50225,0.552,0.5045
vf_20260713_231617.jpg,0.8271111111111111,0.2825,0.4435555555555556,0.28025,0.8231111111111111,0.49775,0.44799999999999995,0.4955
r180_20260713_231617.jpg,0.44799999999999995,0.5045,0.8231111111111111,0.50225,0.4435555555555556,0.71975,0.8271111111111111,0.7175
r270_20260713_231617.jpg,0.50225,0.1768888888888889,0.7175,0.1728888888888889,0.5045,0.552,0.71975,0.5564444444444444
hf_20260713_231622.jpg,0.4177777777777778,0.88575,0.7853333333333333,0.879,0.4097777777777778,0.65925,0.7608888888888888,0.6615
vf_20260713_231622.jpg,0.5822222222222222,0.11425,0.21466666666666667,0.121,0.5902222222222222,0.34075,0.23911111111111116,0.3385
r90_20260713_231622.jpg,0.121,0.21466666666666667,0.3385,0.23911111111111116,0.11425,0.5822222222222222,0.34075,0.5902222222222222
r180_20260713_231622.jpg,0.23911111111111116,0.6615,0.5902222222222222,0.65925,0.21466666666666667,0.879,0.5822222222222222,0.88575
r270_20260713_231622.jpg,0.65925,0.4097777777777778,0.88575,0.4177777777777778,0.6615,0.7608888888888888,0.879,0.7853333333333333
ns_20260713_231626.jpg,0.4235555555555556,0.13,0.8333333333333334,0.121,0.4457777777777778,0.36325,0.8191111111111111,0.34975
hf_20260713_231626.jpg,0.4235555555555556,0.87,0.8333333333333334,0.879,0.4457777777777778,0.6367499999999999,0.8191111111111111,0.65025
vf_20260713_231626.jpg,0.5764444444444444,0.13,0.16666666666666663,0.121,0.5542222222222222,0.36325,0.18088888888888888,0.34975
r90_20260713_231626.jpg,0.121,0.16666666666666663,0.34975,0.18088888888888888,0.13,0.5764444444444444,0.36325,0.5542222222222222
r180_20260713_231626.jpg,0.18088888888888888,0.65025,0.5542222222222222,0.6367499999999999,0.16666666666666663,0.879,0.5764444444444444,0.87
r270_20260713_231626.jpg,0.6367499999999999,0.4457777777777778,0.87,0.4235555555555556,0.65025,0.8191111111111111,0.879,0.8333333333333334
hf_20260713_231628.jpg,0.1164444444444444,0.51125,0.4977777777777777,0.52025,0.1346666666666666,0.30274999999999996,0.5102222222222222,0.3185
vf_20260713_231628.jpg,0.8835555555555556,0.48875,0.5022222222222223,0.47975,0.8653333333333334,0.69725,0.48977777777777776,0.6815
r90_20260713_231628.jpg,0.47975,0.5022222222222223,0.6815,0.48977777777777776,0.48875,0.8835555555555556,0.69725,0.8653333333333334
r180_20260713_231628.jpg,0.48977777777777776,0.3185,0.8653333333333334,0.30274999999999996,0.5022222222222223,0.52025,0.8835555555555556,0.51125
r270_20260713_231628.jpg,0.30274999999999996,0.1346666666666666,0.51125,0.1164444444444444,0.3185,0.5102222222222222,0.52025,0.4977777777777777
