epoch,train_loss,val_loss,train_pixel_err,val_pixel_err
1,0.24463606218122086,0.18640718965426736,1233.4520733219895,965.5824141934531
2,0.16472576249320553,0.1403305893358977,865.404408375837,753.6835353990521
3,0.12748421363110812,0.12910360940124677,678.7414856316575,704.4796489396119
4,0.11206773429546717,0.11658167644687321,608.6117599960362,648.8803807498736
5,0.10362225714719521,0.10701579147058984,565.6986001958147,597.8735202667282
6,0.09606699617403858,0.10524290378974832,524.0183773253978,572.4505865900267
7,0.08630743285395065,0.09939780928518462,467.8810524324949,555.291992145894
8,0.08342769123473258,0.10338671505451202,456.0208708197604,547.5612087854124
9,0.07823441725856853,0.09844087582567464,413.6522210591437,542.1738566921068
10,0.0764741228436524,0.09077236347872278,411.027644512999,490.17076920152465
11,0.06781711612107619,0.09227859941513641,362.03736730201484,497.0347110256439
12,0.06350924355803796,0.08568967749243198,345.364438757593,446.857926190143
13,0.06208075836019696,0.09428109487761623,334.7513169454945,509.3179531267257
14,0.05739238127222601,0.08918742090463638,303.08875079823866,475.776043292015
15,0.05564171778705885,0.08567266101422517,298.1899312384645,457.8030751577117
16,0.0528597817668375,0.08905359616746074,284.85449847652933,463.5535336317306
17,0.050475640679305454,0.08361537560172703,269.0465360750945,438.6499717226157
18,0.04661538690890906,0.07624859330446823,245.1376641117081,387.8722534909038
19,0.04523878924126895,0.0734681415817012,236.7867932669963,387.9865283486253
20,0.04432199361189356,0.08241654187440872,227.25827415049784,439.9109051540478
